Exchange Date,Trade Price
31-Dec-2025,98.322
30-Nov-2025,99.444
31-Oct-2025,99.804
30-Sep-2025,97.775
31-Aug-2025,97.771
31-Jul-2025,99.968
30-Jun-2025,96.875
31-May-2025,99.329
30-Apr-2025,99.468
31-Mar-2025,104.210
28-Feb-2025,107.614
31-Jan-2025,108.370
31-Dec-2024,108.487
30-Nov-2024,105.737
31-Oct-2024,103.976
30-Sep-2024,100.779
31-Aug-2024,101.698
31-Jul-2024,104.096
30-Jun-2024,105.866
31-May-2024,104.671
30-Apr-2024,106.221
31-Mar-2024,104.546
29-Feb-2024,104.156
31-Jan-2024,103.274
31-Dec-2023,101.333
30-Nov-2023,103.497
31-Oct-2023,106.663
30-Sep-2023,106.224
31-Aug-2023,103.619
31-Jul-2023,101.855
30-Jun-2023,102.912
31-May-2023,104.326
30-Apr-2023,101.659
31-Mar-2023,102.506
28-Feb-2023,104.869
31-Jan-2023,102.097
31-Dec-2022,103.522
30-Nov-2022,105.950
31-Oct-2022,111.527
30-Sep-2022,112.117
31-Aug-2022,108.700
31-Jul-2022,105.903
30-Jun-2022,104.685
31-May-2022,101.752
30-Apr-2022,102.959
31-Mar-2022,98.312
28-Feb-2022,96.707
31-Jan-2022,96.540
31-Dec-2021,95.968
30-Nov-2021,95.994
31-Oct-2021,94.123
30-Sep-2021,94.230
31-Aug-2021,92.626
31-Jul-2021,92.174
30-Jun-2021,92.436
31-May-2021,90.031
30-Apr-2021,91.280
31-Mar-2021,93.232
28-Feb-2021,90.879
31-Jan-2021,90.584
31-Dec-2020,89.937
30-Nov-2020,91.869
31-Oct-2020,94.038
30-Sep-2020,93.886
31-Aug-2020,92.144
31-Jul-2020,93.349
30-Jun-2020,97.391
31-May-2020,98.344
30-Apr-2020,99.016
31-Mar-2020,99.048
29-Feb-2020,98.132
31-Jan-2020,97.390
31-Dec-2019,96.389
30-Nov-2019,98.273
31-Oct-2019,97.352
30-Sep-2019,99.377
31-Aug-2019,98.916
31-Jul-2019,98.516
30-Jun-2019,96.130
31-May-2019,97.750
30-Apr-2019,97.479
31-Mar-2019,97.284
28-Feb-2019,96.157
31-Jan-2019,95.578
31-Dec-2018,96.173
30-Nov-2018,97.272
31-Oct-2018,97.127
30-Sep-2018,95.132
31-Aug-2018,95.140
31-Jul-2018,94.493
30-Jun-2018,94.636
31-May-2018,93.985
30-Apr-2018,91.841
31-Mar-2018,89.974
28-Feb-2018,90.613
31-Jan-2018,89.133
31-Dec-2017,92.124
30-Nov-2017,93.047
31-Oct-2017,94.552
30-Sep-2017,93.076
31-Aug-2017,92.668
31-Jul-2017,92.863
30-Jun-2017,95.628
31-May-2017,96.922
30-Apr-2017,99.050
31-Mar-2017,100.350
28-Feb-2017,101.120
31-Jan-2017,99.512
31-Dec-2016,102.210
30-Nov-2016,101.500
31-Oct-2016,98.445
30-Sep-2016,95.463
31-Aug-2016,96.022
31-Jul-2016,95.531
30-Jun-2016,96.143
31-May-2016,95.891
30-Apr-2016,93.082
31-Mar-2016,94.586
29-Feb-2016,98.211
31-Jan-2016,99.606
31-Dec-2015,98.631
30-Nov-2015,100.170
31-Oct-2015,96.946
30-Sep-2015,96.350
31-Aug-2015,95.824
31-Jul-2015,97.336
30-Jun-2015,95.485
31-May-2015,96.907
30-Apr-2015,94.600
31-Mar-2015,98.357
28-Feb-2015,95.321
31-Jan-2015,94.804
31-Dec-2014,90.269
30-Nov-2014,88.356
31-Oct-2014,86.917
30-Sep-2014,85.936
31-Aug-2014,82.748
31-Jul-2014,81.456
30-Jun-2014,79.775
31-May-2014,80.369
30-Apr-2014,79.474
31-Mar-2014,80.100
28-Feb-2014,79.691
31-Jan-2014,81.311
31-Dec-2013,80.035
30-Nov-2013,80.680
31-Oct-2013,80.195
30-Sep-2013,80.221
31-Aug-2013,82.087
31-Jul-2013,81.452
30-Jun-2013,83.136
31-May-2013,83.261
30-Apr-2013,81.746
31-Mar-2013,83.221
28-Feb-2013,81.949
31-Jan-2013,79.207
31-Dec-2012,79.769
30-Nov-2012,80.153
31-Oct-2012,79.919
30-Sep-2012,79.935
31-Aug-2012,81.208
31-Jul-2012,82.635
30-Jun-2012,81.627
31-May-2012,83.043
30-Apr-2012,78.776
31-Mar-2012,79.004
29-Feb-2012,78.737
31-Jan-2012,79.288
31-Dec-2011,80.178
30-Nov-2011,78.384
31-Oct-2011,76.166
30-Sep-2011,78.553
31-Aug-2011,74.117
31-Jul-2011,73.897
30-Jun-2011,74.303
31-May-2011,74.638
30-Apr-2011,72.933
31-Mar-2011,75.857
28-Feb-2011,76.889
31-Jan-2011,77.735
31-Dec-2010,79.028
30-Nov-2010,81.195
31-Oct-2010,77.266
30-Sep-2010,78.720
31-Aug-2010,83.202
31-Jul-2010,81.539
30-Jun-2010,86.019
31-May-2010,86.588
30-Apr-2010,81.866
31-Mar-2010,81.073
28-Feb-2010,80.362
31-Jan-2010,79.462
31-Dec-2009,77.860
30-Nov-2009,74.785
31-Oct-2009,76.300
30-Sep-2009,76.653
31-Aug-2009,78.172
31-Jul-2009,78.347
30-Jun-2009,80.161
31-May-2009,79.233
30-Apr-2009,84.823
31-Mar-2009,85.511
28-Feb-2009,88.166
31-Jan-2009,85.834
31-Dec-2008,81.151
30-Nov-2008,86.517
31-Oct-2008,85.633
30-Sep-2008,79.448
31-Aug-2008,77.381
31-Jul-2008,73.227
30-Jun-2008,72.463
31-May-2008,72.879
30-Apr-2008,72.509
31-Mar-2008,71.802
29-Feb-2008,73.714
31-Jan-2008,75.178
31-Dec-2007,76.695
30-Nov-2007,76.147
31-Oct-2007,76.479
30-Sep-2007,77.719
31-Aug-2007,80.791
31-Jul-2007,80.770
30-Jun-2007,81.920
31-May-2007,82.301
30-Apr-2007,81.447
31-Mar-2007,82.930
28-Feb-2007,83.570
31-Jan-2007,84.610
31-Dec-2006,83.720
30-Nov-2006,82.920
31-Oct-2006,85.320
30-Sep-2006,85.970
31-Aug-2006,85.050
31-Jul-2006,85.300
30-Jun-2006,85.220
31-May-2006,84.720
30-Apr-2006,86.110
31-Mar-2006,89.730
28-Feb-2006,90.110
31-Jan-2006,88.960
31-Dec-2005,91.170
30-Nov-2005,91.570
31-Oct-2005,90.070
30-Sep-2005,89.520
31-Aug-2005,87.580
31-Jul-2005,89.350
30-Jun-2005,89.110
31-May-2005,87.760
30-Apr-2005,84.430
31-Mar-2005,84.060
28-Feb-2005,82.510
31-Jan-2005,83.600
31-Dec-2004,80.850
30-Nov-2004,81.820
31-Oct-2004,84.910
30-Sep-2004,87.360
31-Aug-2004,88.940
31-Jul-2004,89.960
30-Jun-2004,88.800
31-May-2004,88.950
30-Apr-2004,90.480
31-Mar-2004,87.610
29-Feb-2004,87.310
31-Jan-2004,87.200
31-Dec-2003,86.920
30-Nov-2003,90.210
31-Oct-2003,92.730
30-Sep-2003,92.850
31-Aug-2003,98.100
31-Jul-2003,96.890
30-Jun-2003,94.730
31-May-2003,93.270
30-Apr-2003,97.190
31-Mar-2003,99.060
28-Feb-2003,99.710
31-Jan-2003,99.910
31-Dec-2002,101.850
30-Nov-2002,106.410
31-Oct-2002,106.640
30-Sep-2002,106.870
31-Aug-2002,106.980
31-Jul-2002,107.410
30-Jun-2002,106.110
31-May-2002,111.810
30-Apr-2002,115.190
31-Mar-2002,118.620
28-Feb-2002,119.160
31-Jan-2002,120.240
31-Dec-2001,116.750
30-Nov-2001,116.130
31-Oct-2001,114.860
30-Sep-2001,113.480
31-Aug-2001,113.420
31-Jul-2001,117.180
30-Jun-2001,119.430
31-May-2001,119.070
30-Apr-2001,115.850
31-Mar-2001,117.370
28-Feb-2001,112.010
31-Jan-2001,110.520
31-Dec-2000,109.560
30-Nov-2000,115.240
31-Oct-2000,116.650
30-Sep-2000,113.250
31-Aug-2000,112.600
31-Jul-2000,109.570
30-Jun-2000,106.840
31-May-2000,108.740
30-Apr-2000,110.140
31-Mar-2000,105.440
29-Feb-2000,105.920
31-Jan-2000,105.130